scenario,indicator,mean,half_width,lower,upper,n,confidence_level
S1,parts_produced,4746.78,15.317634272990865,4731.462365727009,4762.097634272991,50,0.95
S1,throughput_per_h,0.4709107142857143,0.0015196065747014732,0.46939110771101283,0.47243032086041575,50,0.95
S1,mean_lead_time_h,52.02780366563217,0.24793430827237314,51.7798693573598,52.27573797390454,50,0.95
S1,mean_wip_parts,21.934462416304683,0.11503654455465266,21.81942587175003,22.049498960859335,50,0.95
S1,parts_scrapped,419.36,3.7919893496248145,415.5680106503752,423.15198934962484,50,0.95
S1,mean_quality,0.60279981661905,0.0010045637566284834,0.6017952528624215,0.6038043803756785,50,0.95
S1,std_quality,0.12312147783904231,0.0011590622493636436,0.12196241558967867,0.12428054008840596,50,0.95
S1,failures_while_processing,419.36,3.7919893496248145,415.5680106503752,423.15198934962484,50,0.95
S1,failures_while_starved,160.52,2.977494770290412,157.5425052297096,163.49749477029042,50,0.95
S1,failures_while_blocked,111.98,2.2166685495200245,109.76333145047998,114.19666854952003,50,0.95
S1,alarms_true,0.0,0.0,0.0,0.0,50,0.95
S1,alarms_false,0.0,0.0,0.0,0.0,50,0.95
S1,availability_M1,0.8089890921215164,0.0011449703077013522,0.807844121813815,0.8101340624292177,50,0.95
S1,repairs_M1,94.26,0.5501501299355605,93.70984987006445,94.81015012993556,50,0.95
S1,repairs_preventive_M1,0.0,0.0,0.0,0.0,50,0.95
S1,share_processing_M1,0.5102062150091233,0.0016080658704220444,0.5085981491387013,0.5118142808795454,50,0.95
S1,share_starved_M1,0.0,0.0,0.0,0.0,50,0.95
S1,share_blocked_M1,0.29878287711239293,0.0018423693780909624,0.296940507734302,0.3006252464904839,50,0.95
S1,share_awaiting_repair_M1,0.0038442890961673717,0.0005016503179227147,0.003342638778244657,0.004345939414090086,50,0.95
S1,share_under_repair_M1,0.18716661878231636,0.0010840649112993839,0.18608255387101696,0.18825068369361575,50,0.95
S1,availability_M2,0.8093535016650659,0.0008555983394327402,0.8084979033256332,0.8102091000044986,50,0.95
S1,repairs_M2,94.02,0.4079800356006397,93.61201996439935,94.42798003560064,50,0.95
S1,repairs_preventive_M2,0.0,0.0,0.0,0.0,50,0.95
S1,share_processing_M2,0.5052148360622387,0.0015933469369422888,0.5036214891252965,0.506808182999181,50,0.95
S1,share_starved_M2,0.03438469433414079,0.001203271919262037,0.03318142241487875,0.03558796625340283,50,0.95
S1,share_blocked_M2,0.26975397126868655,0.0024136553168752927,0.26734031595181124,0.2721676265855619,50,0.95
S1,share_awaiting_repair_M2,0.004128855217187524,0.000475311552102383,0.003653543665085141,0.004604166769289907,50,0.95
S1,share_under_repair_M2,0.18651764311774652,0.0007998580392847706,0.18571778507846173,0.1873175011570313,50,0.95
S1,availability_M3,0.5566532351601275,0.0016576499098839206,0.5549955852502436,0.5583108850700115,50,0.95
S1,repairs_M3,220.68,0.8026809447361134,219.87731905526388,221.48268094473613,50,0.95
S1,repairs_preventive_M3,0.0,0.0,0.0,0.0,50,0.95
S1,share_processing_M3,0.493765852697908,0.0015559803580503997,0.49220987233985763,0.4953218330559584,50,0.95
S1,share_starved_M3,0.032980629716898364,0.0011881132376938182,0.031792516479204544,0.034168742954592185,50,0.95
S1,share_blocked_M3,0.02990675274532122,0.0010276615275048682,0.02887909121781635,0.03093441427282609,50,0.95
S1,share_awaiting_repair_M3,0.0055531222356820596,0.0005833512600216606,0.004969770975660399,0.00613647349570372,50,0.95
S1,share_under_repair_M3,0.43779364260419046,0.0015693415927441074,0.4362243010114463,0.4393629841969346,50,0.95
S1,availability_M4,0.8098688281162328,0.0013079938107681435,0.8085608343054647,0.811176821927001,50,0.95
S1,repairs_M4,93.86,0.5770565988781651,93.28294340112184,94.43705659887816,50,0.95
S1,repairs_preventive_M4,0.0,0.0,0.0,0.0,50,0.95
S1,share_processing_M4,0.48251623092431545,0.0015770337323788813,0.48093919719193656,0.48409326465669433,50,0.95
S1,share_starved_M4,0.2898190967176756,0.002673398809135045,0.28714569790854055,0.2924924955268106,50,0.95
S1,share_blocked_M4,0.03753350047424192,0.0014950268165809873,0.036038473657660934,0.03902852729082291,50,0.95
S1,share_awaiting_repair_M4,0.003843431961799101,0.0005316783785408402,0.003311753583258261,0.004375110340339941,50,0.95
S1,share_under_repair_M4,0.186287739921968,0.0011657587295992229,0.18512198119236878,0.18745349865156724,50,0.95
S1,availability_M5,0.8078222353975059,0.0010685599330602462,0.8067536754644457,0.8088907953305661,50,0.95
S1,repairs_M5,94.58,0.5170349205949029,94.06296507940509,95.09703492059491,50,0.95
S1,repairs_preventive_M5,0.0,0.0,0.0,0.0,50,0.95
S1,share_processing_M5,0.4777762558528609,0.0015552921509510485,0.4762209637019098,0.47933154800381195,50,0.95
S1,share_starved_M5,0.2996038607353811,0.002702403341935377,0.2969014573934457,0.3023062640773165,50,0.95
S1,share_blocked_M5,0.030442118809263796,0.0012198485013306557,0.02922227030793314,0.03166196731059445,50,0.95
S1,share_awaiting_repair_M5,0.004436517498424843,0.0005361041965282892,0.003900413301896554,0.004972621694953132,50,0.95
S1,share_under_repair_M5,0.18774124710406934,0.0010323775074114576,0.1867088695966579,0.18877362461148078,50,0.95
S1,availability_M6,0.8092144387132052,0.0010716316842784514,0.8081428070289267,0.8102860703974837,50,0.95
S1,repairs_M6,94.12,0.47914350712085296,93.64085649287915,94.59914350712086,50,0.95
S1,repairs_preventive_M6,0.0,0.0,0.0,0.0,50,0.95
S1,share_processing_M6,0.47317324751475803,0.001552015813811861,0.47162123170094616,0.4747252633285699,50,0.95
S1,share_starved_M6,0.3360411911984471,0.001641281049685616,0.33439991014876147,0.33768247224813275,50,0.95
S1,share_blocked_M6,0.0,0.0,0.0,0.0,50,0.95
S1,share_awaiting_repair_M6,0.003988478557771947,0.0006071509057503491,0.0033813276520215977,0.004595629463522296,50,0.95
S1,share_under_repair_M6,0.1867970827290229,0.0009509293675278316,0.18584615336149507,0.18774801209655073,50,0.95
S1,availability_mean,0.7669835551956089,0.0005351997365905832,0.7664483554590183,0.7675187549321995,50,0.95
S1,repairs_mean,115.25333333333332,0.23386187060899005,115.01947146272433,115.4871952039423,50,0.95
S1,repairs_preventive_mean,0.0,0.0,0.0,0.0,50,0.95
