indicator,published_mean,published_spread,spread_over,mean,half_width,difference,agrees_within_ci_and_rounding,z_over_both_standard_errors,published_se_known,spread,replications,scenario,highest_quality
availability_mean,0.6609,0.09729,machines,0.9052617523395271,0.00046341904718330497,0.24436175233952706,False,749.2877347232802,False,0.07061336299345863,50,S2 threshold 0.125,False
repairs_mean,669.0,133.812,machines,159.06,0.3206479308241569,-509.94,False,-2259.8515468195606,False,78.59210390355142,50,S2 threshold 0.125,False
parts_produced,3971.2,50.869,replications,7494.5,24.429006447432073,3523.3,False,249.42892182483808,True,85.95804624516377,50,S2 threshold 0.125,False
mean_quality,0.79,0.075,unspecified,0.6303839610127047,0.0006762865186710005,-0.15961603898729537,False,-335.3783870778373,False,0.10519346129094201,50,S2 threshold 0.125,False
availability_mean,0.6609,0.09729,machines,0.9048257990864282,0.00027867227912031604,0.2439257990864282,False,1243.807695790152,False,0.05405956198037725,50,S2 threshold 0.250,False
repairs_mean,669.0,133.812,machines,187.11999999999998,0.4311588188026949,-481.88,False,-1588.1477399277346,False,98.33179924355558,50,S2 threshold 0.250,False
parts_produced,3971.2,50.869,replications,7901.14,14.347448133090587,3929.9400000000005,False,387.74424996342447,True,50.48419029149378,50,S2 threshold 0.250,False
mean_quality,0.79,0.075,unspecified,0.6893616042560972,0.0006430300660908027,-0.10063839574390288,False,-222.3932994799753,False,0.09009580471183513,50,S2 threshold 0.250,False
availability_mean,0.6609,0.09729,machines,0.8906919898512464,0.000245127743065134,0.22979198985124638,False,1332.0842454882413,False,0.05698129164414825,50,S2 threshold 0.375,False
repairs_mean,669.0,133.812,machines,219.69,0.48095285659122367,-449.31,False,-1327.4948614279267,False,113.27434613202936,50,S2 threshold 0.375,False
parts_produced,3971.2,50.869,replications,7697.2,10.080141631470916,3726.0,False,424.85465274582185,True,35.46887108897788,50,S2 threshold 0.375,False
mean_quality,0.79,0.075,unspecified,0.749103186851229,0.0006885574554772279,-0.04089681314877103,False,-84.39924369580466,False,0.07609550562027939,50,S2 threshold 0.375,False
availability_mean,0.6609,0.09729,machines,0.9241241732804233,0.00016601844369446627,0.26322417328042325,False,2252.9870980609876,False,0.04777266934371602,50,S2 threshold 0.500,False
repairs_mean,669.0,133.812,machines,286.4,0.6856664629707567,-382.6,False,-792.9053175618398,False,153.75555024378545,50,S2 threshold 0.500,False
parts_produced,3971.2,50.869,replications,8240.6,8.069409674208524,4269.400000000001,False,518.208980199904,True,28.39373314012536,50,S2 threshold 0.500,False
mean_quality,0.79,0.075,unspecified,0.8085864133209639,0.00037487607542920087,0.01858641332096389,False,70.45261843816277,False,0.06046531255828321,50,S2 threshold 0.500,False
availability_mean,0.6609,0.09729,machines,0.9071818783068784,0.00018515349343577314,0.2462818783068783,False,1890.1219221304118,False,0.04977047028691351,50,S2 threshold 0.625,False
repairs_mean,669.0,133.812,machines,371.10666666666674,0.7432022268099293,-297.89333333333326,False,-569.5646861142014,False,193.7156363887383,50,S2 threshold 0.625,False
parts_produced,3971.2,50.869,replications,8024.86,8.677105213927156,4053.66,False,483.1362768247967,True,30.53202400424706,50,S2 threshold 0.625,False
mean_quality,0.79,0.075,unspecified,0.869775493709997,0.0002691855638503603,0.07977549370999693,False,421.1211057106278,False,0.0453368504915372,50,S2 threshold 0.625,False
availability_mean,0.6609,0.09729,machines,0.8707420634920635,0.0002625400209924831,0.20984206349206347,False,1135.7593095661255,False,0.0625979045523844,50,S2 threshold 0.750,False
repairs_mean,669.0,133.812,machines,520.7233333333334,1.0541824489071623,-148.27666666666664,False,-199.86939857393818,False,251.4289598708976,50,S2 threshold 0.750,False
parts_produced,3971.2,50.869,replications,7368.66,10.49129000376443,3397.46,False,382.2240476149961,True,36.91557383864884,50,S2 threshold 0.750,False
mean_quality,0.79,0.075,unspecified,0.9305384595142123,0.00019785445782881156,0.1405384595142123,False,1009.3426427801446,False,0.030231847611902552,50,S2 threshold 0.750,False
availability_mean,0.6609,0.09729,machines,0.7825534060846561,0.00046342217142710397,0.12165340608465602,False,373.0239682224907,False,0.08418485608078502,50,S2 threshold 0.875,True
repairs_mean,669.0,133.812,machines,876.67,1.8552185754165724,207.66999999999996,False,159.0625540377257,False,339.2326986688545,50,S2 threshold 0.875,True
parts_produced,3971.2,50.869,replications,5996.2,15.972298784118058,2025.0,False,188.89354344132894,True,56.20153240702569,50,S2 threshold 0.875,True
mean_quality,0.79,0.075,unspecified,0.9882321026311149,5.069201859345944e-05,0.1982321026311149,False,5556.786037451126,False,0.015956926458517266,50,S2 threshold 0.875,True
