scenario,setting_alarm_threshold,reference,indicator,mean_difference,half_width,lower,upper,n,clear,confidence_level
S2 threshold 0.125,0.125,S1,parts_produced,2747.72,24.907752604581447,2722.812247395418,2772.6277526045815,50,True,0.95
S2 threshold 0.125,0.125,S1,mean_lead_time_h,-17.090816775871247,0.2541302944234228,-17.34494707029467,-16.836686481447824,50,True,0.95
S2 threshold 0.125,0.125,S1,mean_wip_parts,-1.0367783644955504,0.1368387410057859,-1.1736171055013362,-0.8999396234897645,50,True,0.95
S2 threshold 0.125,0.125,S1,availability_mean,0.13827819714391815,0.0005143251812956696,0.13776387196262246,0.13879252232521383,50,True,0.95
S2 threshold 0.125,0.125,S1,repairs_mean,43.80666666666667,0.2668062941306889,43.53986037253598,44.07347296079736,50,True,0.95
S2 threshold 0.125,0.125,S1,mean_quality,0.027584144393654583,0.0009451866723554155,0.026638957721299168,0.028529331066009998,50,True,0.95
S2 threshold 0.125,0.125,S1,parts_scrapped,-357.1,3.8947011732828325,-360.99470117328286,-353.2052988267172,50,True,0.95
S2 threshold 0.250,0.25,S1,parts_produced,3154.36,19.14876941220988,3135.2112305877904,3173.50876941221,50,True,0.95
S2 threshold 0.250,0.25,S1,mean_lead_time_h,-18.330377480935045,0.24105700907901983,-18.571434490014063,-18.089320471856027,50,True,0.95
S2 threshold 0.250,0.25,S1,mean_wip_parts,-0.9239384751384133,0.12122205138009398,-1.0451605265185073,-0.8027164237583193,50,True,0.95
S2 threshold 0.250,0.25,S1,availability_mean,0.13784224389081914,0.00047179734356655073,0.13737044654725258,0.1383140412343857,50,True,0.95
S2 threshold 0.250,0.25,S1,repairs_mean,71.86666666666667,0.35393867805083334,71.51272798861584,72.22060534471751,50,True,0.95
S2 threshold 0.250,0.25,S1,mean_quality,0.08656178763704692,0.0012235269203039534,0.08533826071674297,0.08778531455735086,50,True,0.95
S2 threshold 0.250,0.25,S1,parts_scrapped,-409.84,3.8018005538100845,-413.64180055381007,-406.0381994461899,50,True,0.95
S2 threshold 0.375,0.375,S1,parts_produced,2950.42,16.85581578787682,2933.564184212123,2967.275815787877,50,True,0.95
S2 threshold 0.375,0.375,S1,mean_lead_time_h,-17.712987539132694,0.23626936902590767,-17.949256908158603,-17.476718170106786,50,True,0.95
S2 threshold 0.375,0.375,S1,mean_wip_parts,-0.8786045073481926,0.11811888875090615,-0.9967233960990988,-0.7604856185972865,50,True,0.95
S2 threshold 0.375,0.375,S1,availability_mean,0.1237084346556375,0.000431723675912658,0.12327671097972484,0.12414015833155015,50,True,0.95
S2 threshold 0.375,0.375,S1,repairs_mean,104.43666666666668,0.38562331125586213,104.05104335541083,104.82228997792254,50,True,0.95
S2 threshold 0.375,0.375,S1,mean_quality,0.14630337023217888,0.0013172272871989996,0.14498614294497988,0.14762059751937787,50,True,0.95
S2 threshold 0.375,0.375,S1,parts_scrapped,-417.98,3.772259802268315,-421.7522598022683,-414.2077401977317,50,True,0.95
S2 threshold 0.500,0.5,S1,parts_produced,3493.82,14.281545115752282,3479.538454884248,3508.1015451157523,50,True,0.95
S2 threshold 0.500,0.5,S1,mean_lead_time_h,-20.316991110105864,0.2438934857783546,-20.560884595884218,-20.07309762432751,50,True,0.95
S2 threshold 0.500,0.5,S1,mean_wip_parts,-1.3953176256799225,0.11287119863835486,-1.5081888243182773,-1.2824464270415676,50,True,0.95
S2 threshold 0.500,0.5,S1,availability_mean,0.15714061808481433,0.0004631787104286543,0.1566774393743857,0.15760379679524297,50,True,0.95
S2 threshold 0.500,0.5,S1,repairs_mean,171.14666666666665,0.6021612813848293,170.5445053852818,171.74882794805148,50,True,0.95
S2 threshold 0.500,0.5,S1,mean_quality,0.20578659670191396,0.001025561785288305,0.20476103491662564,0.20681215848720227,50,True,0.95
S2 threshold 0.500,0.5,S1,parts_scrapped,-419.32,3.8126588306472047,-423.1326588306472,-415.5073411693528,50,True,0.95
S2 threshold 0.625,0.625,S1,parts_produced,3278.08,16.858822549975446,3261.2211774500247,3294.938822549975,50,True,0.95
S2 threshold 0.625,0.625,S1,mean_lead_time_h,-19.469537513859848,0.2432360076808868,-19.712773521540736,-19.22630150617896,50,True,0.95
S2 threshold 0.625,0.625,S1,mean_wip_parts,-1.3252322575745235,0.11544638668458276,-1.4406786442591062,-1.2097858708899407,50,True,0.95
S2 threshold 0.625,0.625,S1,availability_mean,0.14019832311126937,0.00048765371328971023,0.13971066939797966,0.14068597682455908,50,True,0.95
S2 threshold 0.625,0.625,S1,repairs_mean,255.85333333333335,0.6436192035794057,255.20971412975393,256.4969525369128,50,True,0.95
S2 threshold 0.625,0.625,S1,mean_quality,0.266975677090947,0.0010427874436607267,0.2659328896472863,0.2680184645346077,50,True,0.95
S2 threshold 0.625,0.625,S1,parts_scrapped,-419.36,3.7919893496248145,-423.15198934962484,-415.5680106503752,50,True,0.95
S2 threshold 0.750,0.75,S1,parts_produced,2621.88,18.087511333544686,2603.7924886664555,2639.9675113335447,50,True,0.95
S2 threshold 0.750,0.75,S1,mean_lead_time_h,-16.79996014913785,0.24369478362156832,-17.043654932759416,-16.556265365516282,50,True,0.95
S2 threshold 0.750,0.75,S1,mean_wip_parts,-1.273265987733253,0.11377913111030866,-1.3870451188435617,-1.1594868566229444,50,True,0.95
S2 threshold 0.750,0.75,S1,availability_mean,0.10375850829645454,0.00044871681932303665,0.1033097914771315,0.10420722511577758,50,True,0.95
S2 threshold 0.750,0.75,S1,repairs_mean,405.4700000000001,0.9573084620556906,404.5126915379444,406.42730846205575,50,True,0.95
S2 threshold 0.750,0.75,S1,mean_quality,0.32773864289516225,0.0010555774398136606,0.3266830654553486,0.3287942203349759,50,True,0.95
S2 threshold 0.750,0.75,S1,parts_scrapped,-419.36,3.7919893496248145,-423.15198934962484,-415.5680106503752,50,True,0.95
S2 threshold 0.875,0.875,S1,parts_produced,1249.42,20.122072054560274,1229.2979279454398,1269.5420720545603,50,True,0.95
S2 threshold 0.875,0.875,S1,mean_lead_time_h,-9.285245817859028,0.2503242310434425,-9.535570048902471,-9.034921586815585,50,True,0.95
S2 threshold 0.875,0.875,S1,mean_wip_parts,-1.1502530909078563,0.11619462303867976,-1.266447713946536,-1.0340584678691767,50,True,0.95
S2 threshold 0.875,0.875,S1,availability_mean,0.015569850889047141,0.0005132691264329439,0.015056581762614197,0.016083120015480085,50,True,0.95
S2 threshold 0.875,0.875,S1,repairs_mean,761.4166666666667,1.7592162695734017,759.6574503970934,763.1758829362401,50,True,0.95
S2 threshold 0.875,0.875,S1,mean_quality,0.3854322860120649,0.001010788630665599,0.3844214973813993,0.38644307464273053,50,True,0.95
S2 threshold 0.875,0.875,S1,parts_scrapped,-419.36,3.7919893496248145,-423.15198934962484,-415.5680106503752,50,True,0.95
