scenario,setting_buffer_capacity,setting_condition_based,reference,indicator,mean_difference,half_width,lower,upper,n,clear,confidence_level
S4 condition-based capacity 0,0.0,1.0,S4 run-to-failure capacity 0,parts_produced,4547.6,28.02522029485336,4519.574779705147,4575.6252202948535,50,True,0.95
S4 condition-based capacity 0,0.0,1.0,S4 run-to-failure capacity 0,mean_lead_time_h,-6.798445428998431,0.1389179200678334,-6.937363349066264,-6.659527508930597,50,True,0.95
S4 condition-based capacity 0,0.0,1.0,S4 run-to-failure capacity 0,mean_wip_parts,0.0,0.0,0.0,0.0,50,False,0.95
S4 condition-based capacity 0,0.0,1.0,S4 run-to-failure capacity 0,availability_mean,0.1572598853408199,0.0004536160340443709,0.15680626930677552,0.15771350137486426,50,True,0.95
S4 condition-based capacity 0,0.0,1.0,S4 run-to-failure capacity 0,repairs_mean,171.10666666666668,0.5635202048739238,170.54314646179276,171.6701868715406,50,True,0.95
S4 condition-based capacity 0,0.0,1.0,S4 run-to-failure capacity 0,mean_quality,0.2332770466121762,0.0011692343641496298,0.23210781224802657,0.2344462809763258,50,True,0.95
S4 condition-based capacity 0,0.0,1.0,S4 run-to-failure capacity 0,parts_scrapped,-207.44,2.469013538865902,-209.9090135388659,-204.9709864611341,50,True,0.95
S4 condition-based capacity 1,1.0,1.0,S4 run-to-failure capacity 1,parts_produced,5082.94,23.014926013357083,5059.925073986643,5105.954926013356,50,True,0.95
S4 condition-based capacity 1,1.0,1.0,S4 run-to-failure capacity 1,mean_lead_time_h,-11.271151734621071,0.1842385633969221,-11.455390298017994,-11.086913171224149,50,True,0.95
S4 condition-based capacity 1,1.0,1.0,S4 run-to-failure capacity 1,mean_wip_parts,-0.01483892458547447,0.01429751998356891,-0.02913644456904338,-0.0005414046019055607,50,True,0.95
S4 condition-based capacity 1,1.0,1.0,S4 run-to-failure capacity 1,availability_mean,0.1572598853408199,0.0004536160340443709,0.15680626930677552,0.15771350137486426,50,True,0.95
S4 condition-based capacity 1,1.0,1.0,S4 run-to-failure capacity 1,repairs_mean,171.10666666666668,0.5635202048739238,170.54314646179276,171.6701868715406,50,True,0.95
S4 condition-based capacity 1,1.0,1.0,S4 run-to-failure capacity 1,mean_quality,0.22021000551093764,0.0012569073702054176,0.21895309814073222,0.22146691288114306,50,True,0.95
S4 condition-based capacity 1,1.0,1.0,S4 run-to-failure capacity 1,parts_scrapped,-237.14,2.5119345963141106,-239.6519345963141,-234.62806540368587,50,True,0.95
S4 condition-based capacity 2,2.0,1.0,S4 run-to-failure capacity 2,parts_produced,5169.46,20.82279756959843,5148.637202430402,5190.282797569598,50,True,0.95
S4 condition-based capacity 2,2.0,1.0,S4 run-to-failure capacity 2,mean_lead_time_h,-14.16160284591032,0.204271025450813,-14.365873871361133,-13.957331820459506,50,True,0.95
S4 condition-based capacity 2,2.0,1.0,S4 run-to-failure capacity 2,mean_wip_parts,-0.1565897543498524,0.029003924805972782,-0.18559367915582517,-0.12758582954387962,50,True,0.95
S4 condition-based capacity 2,2.0,1.0,S4 run-to-failure capacity 2,availability_mean,0.1572598853408199,0.0004536160340443709,0.15680626930677552,0.15771350137486426,50,True,0.95
S4 condition-based capacity 2,2.0,1.0,S4 run-to-failure capacity 2,repairs_mean,171.10666666666668,0.5635202048739238,170.54314646179276,171.6701868715406,50,True,0.95
S4 condition-based capacity 2,2.0,1.0,S4 run-to-failure capacity 2,mean_quality,0.2126291063248428,0.0012826261102018037,0.211346480214641,0.2139117324350446,50,True,0.95
S4 condition-based capacity 2,2.0,1.0,S4 run-to-failure capacity 2,parts_scrapped,-263.64,2.882716776319831,-266.52271677631984,-260.75728322368013,50,True,0.95
S4 condition-based capacity 5,5.0,1.0,S4 run-to-failure capacity 5,parts_produced,4415.36,18.053772526290135,4397.306227473709,4433.41377252629,50,True,0.95
S4 condition-based capacity 5,5.0,1.0,S4 run-to-failure capacity 5,mean_lead_time_h,-18.0279985038107,0.21065103856981202,-18.23864954238051,-17.81734746524089,50,True,0.95
S4 condition-based capacity 5,5.0,1.0,S4 run-to-failure capacity 5,mean_wip_parts,-0.7974353500138613,0.0652272808172048,-0.8626626308310661,-0.7322080691966566,50,True,0.95
S4 condition-based capacity 5,5.0,1.0,S4 run-to-failure capacity 5,availability_mean,0.1572598853408199,0.0004536160340443709,0.15680626930677552,0.15771350137486426,50,True,0.95
S4 condition-based capacity 5,5.0,1.0,S4 run-to-failure capacity 5,repairs_mean,171.10666666666668,0.5635202048739238,170.54314646179276,171.6701868715406,50,True,0.95
S4 condition-based capacity 5,5.0,1.0,S4 run-to-failure capacity 5,mean_quality,0.20509774812479387,0.0012383624189272555,0.20385938570586662,0.2063361105437211,50,True,0.95
S4 condition-based capacity 5,5.0,1.0,S4 run-to-failure capacity 5,parts_scrapped,-335.34,3.1759178632702625,-338.51591786327026,-332.1640821367297,50,True,0.95
S4 condition-based capacity 10,10.0,1.0,S4 run-to-failure capacity 10,parts_produced,3494.74,14.236822822644614,3480.503177177355,3508.9768228226444,50,True,0.95
S4 condition-based capacity 10,10.0,1.0,S4 run-to-failure capacity 10,mean_lead_time_h,-20.261025912147925,0.23594425791028795,-20.496970170058212,-20.02508165423764,50,True,0.95
S4 condition-based capacity 10,10.0,1.0,S4 run-to-failure capacity 10,mean_wip_parts,-1.356743002849364,0.11296887656794022,-1.4697118794173043,-1.243774126281424,50,True,0.95
S4 condition-based capacity 10,10.0,1.0,S4 run-to-failure capacity 10,availability_mean,0.1572598853408199,0.0004536160340443709,0.15680626930677552,0.15771350137486426,50,True,0.95
S4 condition-based capacity 10,10.0,1.0,S4 run-to-failure capacity 10,repairs_mean,171.10666666666668,0.5635202048739238,170.54314646179276,171.6701868715406,50,True,0.95
S4 condition-based capacity 10,10.0,1.0,S4 run-to-failure capacity 10,mean_quality,0.20589392977003068,0.0010882225836150975,0.20480570718641558,0.20698215235364578,50,True,0.95
S4 condition-based capacity 10,10.0,1.0,S4 run-to-failure capacity 10,parts_scrapped,-419.84,3.814353184399669,-423.65435318439967,-416.0256468156003,50,True,0.95
S4 condition-based capacity 15,15.0,1.0,S4 run-to-failure capacity 15,parts_produced,3098.26,11.038421317138601,3087.2215786828615,3109.298421317139,50,True,0.95
S4 condition-based capacity 15,15.0,1.0,S4 run-to-failure capacity 15,mean_lead_time_h,-23.008270437972442,0.2953533245978014,-23.303623762570243,-22.71291711337464,50,True,0.95
S4 condition-based capacity 15,15.0,1.0,S4 run-to-failure capacity 15,mean_wip_parts,-1.5717858123416792,0.14626362351065675,-1.718049435852336,-1.4255221888310226,50,True,0.95
S4 condition-based capacity 15,15.0,1.0,S4 run-to-failure capacity 15,availability_mean,0.1572598853408199,0.0004536160340443709,0.15680626930677552,0.15771350137486426,50,True,0.95
S4 condition-based capacity 15,15.0,1.0,S4 run-to-failure capacity 15,repairs_mean,171.10666666666668,0.5635202048739238,170.54314646179276,171.6701868715406,50,True,0.95
S4 condition-based capacity 15,15.0,1.0,S4 run-to-failure capacity 15,mean_quality,0.20748411088796082,0.0010440928837082268,0.2064400180042526,0.20852820377166903,50,True,0.95
S4 condition-based capacity 15,15.0,1.0,S4 run-to-failure capacity 15,parts_scrapped,-461.18,3.336922499435164,-464.51692249943517,-457.84307750056485,50,True,0.95
S4 condition-based capacity 20,20.0,1.0,S4 run-to-failure capacity 20,parts_produced,2907.34,13.669768064017154,2893.670231935983,2921.0097680640174,50,True,0.95
S4 condition-based capacity 20,20.0,1.0,S4 run-to-failure capacity 20,mean_lead_time_h,-26.2248368960386,0.38629637103401604,-26.611133267072617,-25.838540525004582,50,True,0.95
S4 condition-based capacity 20,20.0,1.0,S4 run-to-failure capacity 20,mean_wip_parts,-1.6328871665588496,0.17078422171948746,-1.803671388278337,-1.462102944839362,50,True,0.95
S4 condition-based capacity 20,20.0,1.0,S4 run-to-failure capacity 20,availability_mean,0.1572598853408199,0.0004536160340443709,0.15680626930677552,0.15771350137486426,50,True,0.95
S4 condition-based capacity 20,20.0,1.0,S4 run-to-failure capacity 20,repairs_mean,171.10666666666668,0.5635202048739238,170.54314646179276,171.6701868715406,50,True,0.95
S4 condition-based capacity 20,20.0,1.0,S4 run-to-failure capacity 20,mean_quality,0.20952802864297715,0.001025678733171262,0.20850234990980587,0.21055370737614842,50,True,0.95
S4 condition-based capacity 20,20.0,1.0,S4 run-to-failure capacity 20,parts_scrapped,-485.22,3.30894558337468,-488.5289455833747,-481.91105441662535,50,True,0.95
